{
    "K": [
        1875.4682080924854,
        0.0,
        1320.0,
        0.0,
        1869.970769230769,
        989.0,
        0.0,
        0.0,
        1.0
    ],
    "bayer_pattern": [
        0,
        1,
        3,
        2
    ],
    "bias": [
        4096,
        4096,
        4096,
        4096
    ],
    "bit_depth": 16,
    "ccd_height_mm": 13.0,
    "ccd_width_mm": 17.3,
    "colour_description": "RGBG",
    "diag_fov_deg": 70.47,
    "dist_coeffs": [
        0.0,
        0.0,
        0.0,
        0.0,
        0.0
    ],
    "focal_len_mm": 12.29,
    "h_fov_deg": 69.023,
    "height_px": 1978,
    "height_px_full": 3956,
    "lens_model": "N/A",
    "make": "Hasselblad",
    "model": "L2D-20c",
    "mount": {
        "pitch_deg": -90.0,
        "roll_deg": 0.0,
        "yaw_deg": 0.0
    },
    "n_colours": 3,
    "pixel_size": 3.2519,
    "raw_extension": "DNG",
    "scale_height": 1.0,
    "scale_width": 0.9821428571428571,
    "v_fov_deg": 55.747,
    "width_px": 2640,
    "width_px_full": 5280
}